{"cameraMode":{"drawMode":0,"name":"Shaded","section":"Shading Mode"},"sceneLighting":false,"audioPlay":false,"sceneViewState":{"showFog":true,"showMaterialUpdate":true,"showSkybox":true,"showFlares":true,"showImageEffects":true,"showParticleSystems":true},"in2DMode":false,"pivot":{"x":6.2811598777771,"y":3.5098228454589845,"z":6.6528215408325199},"rotation":{"x":-0.07311511784791947,"y":-0.9042097330093384,"z":0.17481544613838197,"w":-0.3845643997192383},"size":17.15997314453125,"orthographic":false}