{"cameraMode":{"drawMode":0,"name":"Shaded","section":"Shading Mode"},"sceneLighting":true,"audioPlay":false,"sceneViewState":{"showFog":true,"showMaterialUpdate":true,"showSkybox":true,"showFlares":true,"showImageEffects":true,"showParticleSystems":true},"in2DMode":false,"pivot":{"x":-1.668196678161621,"y":2.5830118656158449,"z":2.500396728515625},"rotation":{"x":-0.0834280475974083,"y":-0.5361233949661255,"z":0.053062889724969867,"w":-0.838687539100647},"size":4.623292922973633,"orthographic":false}