{"cameraMode":{"drawMode":0,"name":"Shaded","section":"Shading Mode"},"sceneLighting":false,"audioPlay":false,"sceneViewState":{"showFog":true,"showMaterialUpdate":true,"showSkybox":true,"showFlares":true,"showImageEffects":true,"showParticleSystems":true},"in2DMode":false,"pivot":{"x":-25.58392333984375,"y":-0.5537019968032837,"z":22.590147018432618},"rotation":{"x":-0.2684803605079651,"y":-0.5405480265617371,"z":0.18934392929077149,"w":-0.7754075527191162},"size":6.10222864151001,"orthographic":false}