{"cameraMode":{"drawMode":0,"name":"Shaded","section":"Shading Mode"},"sceneLighting":true,"audioPlay":false,"sceneViewState":{"showFog":true,"showMaterialUpdate":true,"showSkybox":true,"showFlares":true,"showImageEffects":true,"showParticleSystems":true},"in2DMode":false,"pivot":{"x":-2.4234137535095217,"y":1.7586195468902588,"z":-2.986323595046997},"rotation":{"x":-0.003349629230797291,"y":0.9960869550704956,"z":-0.04487909376621246,"w":-0.0799173042178154},"size":4.623292922973633,"orthographic":false}