{"cameraMode":{"drawMode":0,"name":"Shaded","section":"Shading Mode"},"sceneLighting":false,"audioPlay":false,"sceneViewState":{"showFog":true,"showMaterialUpdate":true,"showSkybox":false,"showFlares":true,"showImageEffects":true,"showParticleSystems":true},"in2DMode":false,"pivot":{"x":-9.45016860961914,"y":1.8901309967041016,"z":-17.701005935668947},"rotation":{"x":0.2868475019931793,"y":0.6227877140045166,"z":-0.2632366418838501,"w":0.6786520481109619},"size":4.972196102142334,"orthographic":false}