{"cameraMode":{"drawMode":0,"name":"Shaded","section":"Shading Mode"},"sceneLighting":false,"audioPlay":false,"sceneViewState":{"showFog":true,"showMaterialUpdate":true,"showSkybox":false,"showFlares":true,"showImageEffects":true,"showParticleSystems":true},"in2DMode":false,"pivot":{"x":-0.21177124977111817,"y":-0.04338356852531433,"z":0.5120806097984314},"rotation":{"x":0.08728750050067902,"y":0.7075043320655823,"z":-0.08876136690378189,"w":0.6956990361213684},"size":0.33998537063598635,"orthographic":false}