{"cameraMode":{"drawMode":0,"name":"Shaded","section":"Shading Mode"},"sceneLighting":false,"audioPlay":false,"sceneViewState":{"showFog":true,"showMaterialUpdate":true,"showSkybox":false,"showFlares":true,"showImageEffects":true,"showParticleSystems":true},"in2DMode":false,"pivot":{"x":-0.24330347776412965,"y":-0.23370952904224397,"z":-0.029895350337028505},"rotation":{"x":-0.09118125587701798,"y":-0.7769919633865356,"z":0.11576545238494873,"w":-0.6120474338531494},"size":1.337068796157837,"orthographic":false}