{"cameraMode":{"drawMode":0,"name":"Shaded","section":"Shading Mode"},"sceneLighting":false,"audioPlay":false,"sceneViewState":{"showFog":true,"showMaterialUpdate":true,"showSkybox":false,"showFlares":true,"showImageEffects":true,"showParticleSystems":true},"in2DMode":false,"pivot":{"x":-8.204485893249512,"y":1.7118710279464722,"z":0.1676853895187378},"rotation":{"x":0.007158810738474131,"y":-0.911651074886322,"z":0.015855321660637857,"w":0.41071075201034548},"size":1.1192915439605713,"orthographic":false}